1494731077722,2,Value1Small,201,Created,Checkout 1-1,text,true,115,23,23,2
1494731077723,2,Value1Small,201,Created,Checkout 1-18,text,true,115,23,23,2
1494731077723,2,Value1Small,201,Created,Checkout 1-9,text,true,115,23,23,2
1494731077724,1,Value1Small,201,Created,Checkout 1-2,text,true,115,24,24,1
1494731077724,1,Value1Small,201,Created,Checkout 1-16,text,true,115,24,24,1
1494731077723,2,Value1Small,201,Created,Checkout 1-3,text,true,115,24,24,2
1494731077724,1,Value1Small,201,Created,Checkout 1-22,text,true,115,24,24,1
1494731077722,3,Value1Small,201,Created,Checkout 1-8,text,true,115,24,24,3
1494731077724,1,Value1Small,201,Created,Checkout 1-10,text,true,115,24,24,1
1494731077722,3,Value1Small,201,Created,Checkout 1-5,text,true,115,25,25,3
1494731077724,1,Value1Small,201,Created,Checkout 1-6,text,true,115,25,25,1
1494731077723,2,Value1Small,201,Created,Checkout 1-12,text,true,115,25,25,2
1494731077725,0,Value1Small,201,Created,Checkout 1-11,text,true,115,25,25,0
1494731077725,1,Value1Small,201,Created,Checkout 1-23,text,true,115,26,26,1
1494731077725,1,Value1Small,201,Created,Checkout 1-7,text,true,115,27,27,1
1494731077725,1,Value1Small,201,Created,Checkout 1-4,text,true,115,27,27,1
1494731077726,0,Value1Small,201,Created,Checkout 1-13,text,true,115,28,28,0
1494731077726,1,Value1Small,201,Created,Checkout 1-25,text,true,115,29,29,1
1494731077726,1,Value1Small,201,Created,Checkout 1-26,text,true,115,30,30,1
1494731077727,1,Value1Small,201,Created,Checkout 1-20,text,true,115,31,31,1
1494731077727,1,Value1Small,201,Created,Checkout 1-19,text,true,115,31,31,1
1494731077727,1,Value1Small,201,Created,Checkout 1-29,text,true,115,33,33,1
1494731077727,1,Value1Small,201,Created,Checkout 1-15,text,true,115,33,33,1
1494731077727,1,Value1Small,201,Created,Checkout 1-30,text,true,115,33,33,1
1494731077727,1,Value1Small,201,Created,Checkout 1-21,text,true,115,33,33,1
1494731077727,1,Value1Small,201,Created,Checkout 1-24,text,true,115,34,34,1
1494731077728,1,Value1Small,201,Created,Checkout 1-31,text,true,115,34,34,1
1494731077728,1,Value1Small,201,Created,Checkout 1-17,text,true,115,34,34,1
1494731077728,1,Value1Small,201,Created,Checkout 1-28,text,true,115,36,36,1
1494731077729,0,Value1Small,201,Created,Checkout 1-14,text,true,115,36,36,0
1494731077728,1,Value1Small,201,Created,Checkout 1-27,text,true,115,36,36,1
1494731077729,0,Value1Small,201,Created,Checkout 1-33,text,true,115,36,36,0
1494731077729,1,Value1Small,201,Created,Checkout 1-34,text,true,115,38,38,1
1494731077729,1,Value1Small,201,Created,Checkout 1-32,text,true,115,38,38,1
1494731077729,1,Value1Small,201,Created,Checkout 1-35,text,true,115,39,39,1
1494731077730,0,Value1Small,201,Created,Checkout 1-36,text,true,115,40,40,0
1494731077730,1,Value1Small,201,Created,Checkout 1-37,text,true,115,41,41,1
1494731077730,1,Value1Small,201,Created,Checkout 1-38,text,true,115,42,42,1
1494731077731,1,Value1Small,201,Created,Checkout 1-41,text,true,115,45,45,1
1494731077731,1,Value1Small,201,Created,Checkout 1-39,text,true,115,45,45,1
1494731077731,1,Value1Small,201,Created,Checkout 1-40,text,true,115,47,47,1
1494731077731,1,Value1Small,201,Created,Checkout 1-42,text,true,115,47,47,1
1494731077732,0,Value1Small,201,Created,Checkout 1-43,text,true,115,48,48,0
1494731077732,0,Value1Small,201,Created,Checkout 1-44,text,true,115,48,48,0
1494731077732,1,Value1Small,201,Created,Checkout 1-45,text,true,115,50,50,1
1494731077732,1,Value1Small,201,Created,Checkout 1-46,text,true,115,51,51,1
1494731077733,1,Value1Small,201,Created,Checkout 1-47,text,true,115,52,52,1
1494731077733,1,Value1Small,201,Created,Checkout 1-48,text,true,115,52,52,1
1494731077733,1,Value1Small,201,Created,Checkout 1-49,text,true,115,52,52,1
1494731077733,1,Value1Small,201,Created,Checkout 1-50,text,true,115,52,52,1
1494731077734,1,Value1Small,201,Created,Checkout 1-51,text,true,115,56,56,1
1494731077734,1,Value1Small,201,Created,Checkout 1-52,text,true,115,56,56,1
1494731077735,1,Value1Small,201,Created,Checkout 1-53,text,true,115,58,58,1
1494731077735,1,Value1Small,201,Created,Checkout 1-55,text,true,115,58,58,1
1494731077735,1,Value1Small,201,Created,Checkout 1-54,text,true,115,58,58,1
1494731077735,1,Value1Small,201,Created,Checkout 1-56,text,true,115,60,60,1
1494731077736,1,Value1Small,201,Created,Checkout 1-57,text,true,115,61,61,1
1494731077736,1,Value1Small,201,Created,Checkout 1-58,text,true,115,62,62,1
1494731077737,0,Value1Small,201,Created,Checkout 1-59,text,true,115,64,64,0
1494731077737,0,Value1Small,201,Created,Checkout 1-60,text,true,115,64,64,0
1494731077737,1,Value1Small,201,Created,Checkout 1-61,text,true,115,66,66,1
1494731077738,1,Value1Small,201,Created,Checkout 1-63,text,true,115,68,68,1
1494731077738,1,Value1Small,201,Created,Checkout 1-64,text,true,115,68,68,1
1494731077737,2,Value1Small,201,Created,Checkout 1-62,text,true,115,68,68,2
1494731077738,1,Value1Small,201,Created,Checkout 1-66,text,true,115,70,70,1
1494731077738,1,Value1Small,201,Created,Checkout 1-65,text,true,115,70,70,1
1494731077739,0,Value1Small,201,Created,Checkout 1-67,text,true,115,70,70,0
1494731077739,1,Value1Small,201,Created,Checkout 1-68,text,true,115,71,71,1
1494731077739,2,Value1Small,201,Created,Checkout 1-69,text,true,115,74,74,2
1494731077740,1,Value1Small,201,Created,Checkout 1-70,text,true,115,74,74,1
1494731077740,1,Value1Small,201,Created,Checkout 1-71,text,true,115,75,75,1
1494731077741,1,Value1Small,201,Created,Checkout 1-72,text,true,115,78,78,1
1494731077741,1,Value1Small,201,Created,Checkout 1-73,text,true,115,78,78,1
1494731077741,1,Value1Small,201,Created,Checkout 1-74,text,true,115,78,78,1
1494731077742,0,Value1Small,201,Created,Checkout 1-75,text,true,115,81,81,0
1494731077742,0,Value1Small,201,Created,Checkout 1-76,text,true,115,81,81,0
1494731077742,1,Value1Small,201,Created,Checkout 1-77,text,true,115,83,83,1
1494731077742,1,Value1Small,201,Created,Checkout 1-78,text,true,115,83,83,1
1494731077743,1,Value1Small,201,Created,Checkout 1-81,text,true,115,86,86,1
1494731077743,1,Value1Small,201,Created,Checkout 1-79,text,true,115,86,86,1
1494731077743,1,Value1Small,201,Created,Checkout 1-80,text,true,115,86,86,1
1494731077744,0,Value1Small,201,Created,Checkout 1-84,text,true,115,88,88,0
1494731077744,1,Value1Small,201,Created,Checkout 1-85,text,true,115,88,88,1
1494731077744,1,Value1Small,201,Created,Checkout 1-83,text,true,115,88,88,1
1494731077744,1,Value1Small,201,Created,Checkout 1-82,text,true,115,89,89,1
1494731077744,1,Value1Small,201,Created,Checkout 1-86,text,true,115,90,90,1
1494731077745,1,Value1Small,201,Created,Checkout 1-88,text,true,115,91,91,1
1494731077745,1,Value1Small,201,Created,Checkout 1-89,text,true,115,93,93,1
1494731077746,0,Value1Small,201,Created,Checkout 1-90,text,true,115,93,93,0
1494731077745,1,Value1Small,201,Created,Checkout 1-87,text,true,115,93,93,1
1494731077746,1,Value1Small,201,Created,Checkout 1-91,text,true,115,94,94,1
1494731077747,0,Value1Small,201,Created,Checkout 1-92,text,true,115,96,96,0
1494731077747,0,Value1Small,201,Created,Checkout 1-93,text,true,115,96,96,0
1494731077747,1,Value1Small,201,Created,Checkout 1-94,text,true,115,99,99,1
1494731077748,0,Value1Small,201,Created,Checkout 1-95,text,true,115,100,100,0
1494731077748,1,Value1Small,201,Created,Checkout 1-96,text,true,115,100,100,1
1494731077748,1,Value1Small,201,Created,Checkout 1-97,text,true,115,101,101,1
1494731077748,1,Value1Small,201,Created,Checkout 1-98,text,true,115,101,101,1
1494731077749,0,Value1Small,201,Created,Checkout 1-99,text,true,115,103,103,0
1494731077749,1,Value1Small,201,Created,Checkout 1-100,text,true,115,104,104,1
1494731077749,1,Value1Small,400,Bad Request,Checkout 1-101,text,false,143,104,104,1
1494731077750,0,Value1Small,400,Bad Request,Checkout 1-102,text,false,143,105,106,0
1494731077750,0,Value1Small,400,Bad Request,Checkout 1-103,text,false,143,106,106,0
1494731077750,1,Value1Small,400,Bad Request,Checkout 1-104,text,false,143,109,109,1
1494731077751,0,Value1Small,400,Bad Request,Checkout 1-105,text,false,143,110,110,0
1494731077751,1,Value1Small,400,Bad Request,Checkout 1-106,text,false,143,111,111,1
1494731077751,1,Value1Small,400,Bad Request,Checkout 1-107,text,false,143,111,111,1
1494731077751,1,Value1Small,400,Bad Request,Checkout 1-108,text,false,143,111,111,1
1494731077751,1,Value1Small,400,Bad Request,Checkout 1-109,text,false,143,113,113,1
1494731077752,1,Value1Small,400,Bad Request,Checkout 1-110,text,false,143,114,114,1
1494731077752,1,Value1Small,400,Bad Request,Checkout 1-111,text,false,143,114,114,1
1494731077752,1,Value1Small,400,Bad Request,Checkout 1-112,text,false,143,117,117,1
1494731077753,0,Value1Small,400,Bad Request,Checkout 1-113,text,false,143,117,117,0
1494731077753,1,Value1Small,400,Bad Request,Checkout 1-114,text,false,143,120,120,1
1494731077754,1,Value1Small,400,Bad Request,Checkout 1-116,text,false,143,120,120,1
1494731077754,1,Value1Small,400,Bad Request,Checkout 1-115,text,false,143,120,120,1
1494731077754,1,Value1Small,400,Bad Request,Checkout 1-117,text,false,143,121,121,1
1494731077754,1,Value1Small,400,Bad Request,Checkout 1-118,text,false,143,121,121,1
1494731077754,1,Value1Small,400,Bad Request,Checkout 1-119,text,false,143,123,123,1
1494731077755,0,Value1Small,400,Bad Request,Checkout 1-120,text,false,143,124,124,0
1494731077755,1,Value1Small,400,Bad Request,Checkout 1-121,text,false,143,125,125,1
1494731077756,1,Value1Small,400,Bad Request,Checkout 1-123,text,false,143,127,127,1
1494731077755,2,Value1Small,400,Bad Request,Checkout 1-122,text,false,143,128,128,2
1494731077756,5,Value1Small,400,Bad Request,Checkout 1-124,text,false,143,141,141,5
1494731077756,5,Value1Small,400,Bad Request,Checkout 1-125,text,false,143,141,141,5
1494731077757,4,Value1Small,400,Bad Request,Checkout 1-127,text,false,143,141,141,4
1494731077757,4,Value1Small,400,Bad Request,Checkout 1-129,text,false,143,141,141,4
1494731077757,4,Value1Small,400,Bad Request,Checkout 1-126,text,false,143,141,141,4
1494731077757,4,Value1Small,400,Bad Request,Checkout 1-128,text,false,143,141,141,4
1494731077758,3,Value1Small,400,Bad Request,Checkout 1-132,text,false,143,141,141,3
1494731077758,3,Value1Small,400,Bad Request,Checkout 1-130,text,false,143,141,141,3
1494731077760,1,Value1Small,400,Bad Request,Checkout 1-134,text,false,143,141,141,1
1494731077758,3,Value1Small,400,Bad Request,Checkout 1-131,text,false,143,141,141,3
1494731077759,2,Value1Small,400,Bad Request,Checkout 1-136,text,false,143,141,141,2
1494731077760,1,Value1Small,400,Bad Request,Checkout 1-135,text,false,143,141,141,1
1494731077760,1,Value1Small,400,Bad Request,Checkout 1-138,text,false,143,141,141,1
1494731077760,1,Value1Small,400,Bad Request,Checkout 1-137,text,false,143,141,141,1
1494731077759,2,Value1Small,400,Bad Request,Checkout 1-133,text,false,143,141,141,2
1494731077760,1,Value1Small,400,Bad Request,Checkout 1-139,text,false,143,141,141,1
1494731077761,0,Value1Small,400,Bad Request,Checkout 1-140,text,false,143,144,144,0
1494731077761,1,Value1Small,400,Bad Request,Checkout 1-141,text,false,143,144,144,1
1494731077762,0,Value1Small,400,Bad Request,Checkout 1-143,text,false,143,148,148,0
1494731077762,1,Value1Small,400,Bad Request,Checkout 1-144,text,false,143,148,148,1
1494731077763,1,Value1Small,400,Bad Request,Checkout 1-145,text,false,143,149,149,1
1494731077763,1,Value1Small,400,Bad Request,Checkout 1-146,text,false,143,149,149,1
1494731077763,1,Value1Small,400,Bad Request,Checkout 1-148,text,false,143,149,149,1
1494731077763,1,Value1Small,400,Bad Request,Checkout 1-147,text,false,143,149,149,1
1494731077763,1,Value1Small,400,Bad Request,Checkout 1-149,text,false,143,149,149,1
1494731077764,0,Value1Small,400,Bad Request,Checkout 1-142,text,false,143,150,150,0
1494731077765,0,Value1Small,400,Bad Request,Checkout 1-150,text,false,143,155,155,0
1494731077765,0,Value1Small,400,Bad Request,Checkout 1-151,text,false,143,155,155,0
1494731077765,1,Value1Small,400,Bad Request,Checkout 1-154,text,false,143,157,157,1
1494731077765,1,Value1Small,400,Bad Request,Checkout 1-153,text,false,143,157,157,1
1494731077765,1,Value1Small,400,Bad Request,Checkout 1-152,text,false,143,157,157,1
1494731077766,0,Value1Small,400,Bad Request,Checkout 1-155,text,false,143,157,157,0
1494731077766,0,Value1Small,400,Bad Request,Checkout 1-156,text,false,143,159,159,0
1494731077766,1,Value1Small,400,Bad Request,Checkout 1-157,text,false,143,159,159,1
1494731077767,0,Value1Small,400,Bad Request,Checkout 1-158,text,false,143,163,163,0
1494731077767,1,Value1Small,400,Bad Request,Checkout 1-159,text,false,143,163,163,1
1494731077768,0,Value1Small,400,Bad Request,Checkout 1-160,text,false,143,165,165,0
1494731077768,0,Value1Small,400,Bad Request,Checkout 1-161,text,false,143,166,166,0
1494731077768,0,Value1Small,400,Bad Request,Checkout 1-162,text,false,143,167,167,0
1494731077768,1,Value1Small,400,Bad Request,Checkout 1-163,text,false,143,167,167,1
1494731077768,1,Value1Small,400,Bad Request,Checkout 1-164,text,false,143,168,168,1
1494731077769,0,Value1Small,400,Bad Request,Checkout 1-165,text,false,143,170,170,0
1494731077769,0,Value1Small,400,Bad Request,Checkout 1-166,text,false,143,170,170,0
1494731077769,0,Value1Small,400,Bad Request,Checkout 1-167,text,false,143,170,170,0
1494731077769,1,Value1Small,400,Bad Request,Checkout 1-168,text,false,143,171,171,1
1494731077770,0,Value1Small,400,Bad Request,Checkout 1-169,text,false,143,173,173,0
1494731077770,0,Value1Small,400,Bad Request,Checkout 1-170,text,false,143,174,174,0
1494731077770,1,Value1Small,400,Bad Request,Checkout 1-171,text,false,143,176,176,1
1494731077771,0,Value1Small,400,Bad Request,Checkout 1-172,text,false,143,176,176,0
1494731077771,0,Value1Small,400,Bad Request,Checkout 1-173,text,false,143,176,176,0
1494731077771,0,Value1Small,400,Bad Request,Checkout 1-174,text,false,143,177,177,0
1494731077771,1,Value1Small,400,Bad Request,Checkout 1-175,text,false,143,178,178,1
1494731077771,1,Value1Small,400,Bad Request,Checkout 1-176,text,false,143,178,178,1
1494731077772,1,Value1Small,400,Bad Request,Checkout 1-177,text,false,143,181,181,1
1494731077772,1,Value1Small,400,Bad Request,Checkout 1-178,text,false,143,182,182,1
1494731077773,0,Value1Small,400,Bad Request,Checkout 1-179,text,false,143,184,184,0
1494731077773,0,Value1Small,400,Bad Request,Checkout 1-180,text,false,143,184,184,0
1494731077773,0,Value1Small,400,Bad Request,Checkout 1-181,text,false,143,184,184,0
1494731077774,0,Value1Small,400,Bad Request,Checkout 1-183,text,false,143,185,185,0
1494731077773,1,Value1Small,400,Bad Request,Checkout 1-182,text,false,143,185,185,1
1494731077774,0,Value1Small,400,Bad Request,Checkout 1-184,text,false,143,185,185,0
1494731077774,1,Value1Small,400,Bad Request,Checkout 1-185,text,false,143,188,188,1
1494731077775,1,Value1Small,400,Bad Request,Checkout 1-186,text,false,143,191,191,1
1494731077775,1,Value1Small,400,Bad Request,Checkout 1-187,text,false,143,191,191,1
1494731077775,1,Value1Small,400,Bad Request,Checkout 1-188,text,false,143,192,192,1
1494731077776,1,Value1Small,400,Bad Request,Checkout 1-190,text,false,143,192,192,1
1494731077776,1,Value1Small,400,Bad Request,Checkout 1-189,text,false,143,192,192,1
1494731077776,1,Value1Small,400,Bad Request,Checkout 1-191,text,false,143,193,193,1
1494731077777,0,Value1Small,400,Bad Request,Checkout 1-192,text,false,143,194,194,0
1494731077778,1,Value1Small,400,Bad Request,Checkout 1-193,text,false,143,199,199,1
1494731077778,1,Value1Small,400,Bad Request,Checkout 1-194,text,false,143,200,200,1
1494731077778,1,Value1Small,400,Bad Request,Checkout 1-195,text,false,143,200,200,1
1494731077779,0,Value1Small,400,Bad Request,Checkout 1-198,text,false,143,200,200,0
1494731077779,0,Value1Small,400,Bad Request,Checkout 1-196,text,false,143,200,200,0
1494731077779,0,Value1Small,400,Bad Request,Checkout 1-197,text,false,143,200,200,0
1494731077779,0,Value1Small,400,Bad Request,Checkout 1-199,text,false,143,200,200,0
1494731077779,1,Value1Small,400,Bad Request,Checkout 1-200,text,false,143,200,200,1
1494731078540,1,Value1Medium,201,Created,Checkout 1-1,text,true,115,200,200,1
1494731078541,0,Value1Medium,201,Created,Checkout 1-9,text,true,115,200,200,0
1494731078541,0,Value1Medium,201,Created,Checkout 1-18,text,true,115,200,200,0
1494731078541,0,Value1Medium,201,Created,Checkout 1-2,text,true,115,200,200,0
1494731078541,0,Value1Medium,201,Created,Checkout 1-16,text,true,115,200,200,0
1494731078541,0,Value1Medium,201,Created,Checkout 1-3,text,true,115,200,200,0
1494731078541,0,Value1Medium,201,Created,Checkout 1-22,text,true,115,200,200,0
1494731078541,0,Value1Medium,201,Created,Checkout 1-8,text,true,115,200,200,0
1494731078541,0,Value1Medium,201,Created,Checkout 1-10,text,true,115,200,200,0
1494731078541,1,Value1Medium,201,Created,Checkout 1-5,text,true,115,200,200,1
1494731078542,0,Value1Medium,201,Created,Checkout 1-6,text,true,115,200,200,0
1494731078542,0,Value1Medium,201,Created,Checkout 1-12,text,true,115,200,200,0
1494731078542,0,Value1Medium,201,Created,Checkout 1-11,text,true,115,200,200,0
1494731078542,0,Value1Medium,201,Created,Checkout 1-23,text,true,115,200,200,0
1494731078542,0,Value1Medium,201,Created,Checkout 1-7,text,true,115,200,200,0
1494731078542,0,Value1Medium,201,Created,Checkout 1-4,text,true,115,200,200,0
1494731078542,0,Value1Medium,201,Created,Checkout 1-13,text,true,115,200,200,0
1494731078542,0,Value1Medium,201,Created,Checkout 1-25,text,true,115,200,200,0
1494731078542,1,Value1Medium,201,Created,Checkout 1-26,text,true,115,200,200,1
1494731078543,0,Value1Medium,201,Created,Checkout 1-20,text,true,115,200,200,0
1494731078543,0,Value1Medium,201,Created,Checkout 1-19,text,true,115,200,200,0
1494731078543,0,Value1Medium,201,Created,Checkout 1-29,text,true,115,200,200,0
1494731078543,0,Value1Medium,201,Created,Checkout 1-15,text,true,115,200,200,0
1494731078543,0,Value1Medium,201,Created,Checkout 1-30,text,true,115,200,200,0
1494731078543,0,Value1Medium,201,Created,Checkout 1-21,text,true,115,200,200,0
1494731078543,0,Value1Medium,201,Created,Checkout 1-24,text,true,115,200,200,0
1494731078543,0,Value1Medium,201,Created,Checkout 1-31,text,true,115,200,200,0
1494731078543,0,Value1Medium,201,Created,Checkout 1-17,text,true,115,200,200,0
1494731078543,1,Value1Medium,201,Created,Checkout 1-28,text,true,115,200,200,1
1494731078544,0,Value1Medium,201,Created,Checkout 1-14,text,true,115,200,200,0
1494731078544,0,Value1Medium,201,Created,Checkout 1-27,text,true,115,200,200,0
1494731078544,0,Value1Medium,201,Created,Checkout 1-33,text,true,115,200,200,0
1494731078544,0,Value1Medium,201,Created,Checkout 1-34,text,true,115,200,200,0
1494731078544,0,Value1Medium,201,Created,Checkout 1-32,text,true,115,200,200,0
1494731078544,0,Value1Medium,201,Created,Checkout 1-35,text,true,115,200,200,0
1494731078544,0,Value1Medium,201,Created,Checkout 1-36,text,true,115,200,200,0
1494731078544,1,Value1Medium,201,Created,Checkout 1-37,text,true,115,200,200,1
1494731078544,1,Value1Medium,201,Created,Checkout 1-38,text,true,115,200,200,1
1494731078545,0,Value1Medium,201,Created,Checkout 1-41,text,true,115,200,200,0
1494731078545,0,Value1Medium,201,Created,Checkout 1-39,text,true,115,200,200,0
1494731078545,0,Value1Medium,201,Created,Checkout 1-40,text,true,115,200,200,0
1494731078545,0,Value1Medium,201,Created,Checkout 1-42,text,true,115,200,200,0
1494731078545,0,Value1Medium,201,Created,Checkout 1-43,text,true,115,200,200,0
1494731078545,0,Value1Medium,201,Created,Checkout 1-44,text,true,115,200,200,0
1494731078545,1,Value1Medium,201,Created,Checkout 1-45,text,true,115,200,200,1
1494731078545,1,Value1Medium,201,Created,Checkout 1-46,text,true,115,200,200,1
1494731078546,0,Value1Medium,201,Created,Checkout 1-47,text,true,115,200,200,0
1494731078546,0,Value1Medium,201,Created,Checkout 1-48,text,true,115,200,200,0
1494731078546,0,Value1Medium,201,Created,Checkout 1-49,text,true,115,200,200,0
1494731078546,0,Value1Medium,201,Created,Checkout 1-50,text,true,115,200,200,0
1494731078546,0,Value1Medium,201,Created,Checkout 1-51,text,true,115,200,200,0
1494731078546,0,Value1Medium,201,Created,Checkout 1-52,text,true,115,200,200,0
1494731078546,1,Value1Medium,201,Created,Checkout 1-53,text,true,115,200,200,1
1494731078546,1,Value1Medium,201,Created,Checkout 1-55,text,true,115,200,200,1
1494731078547,0,Value1Medium,201,Created,Checkout 1-54,text,true,115,200,200,0
1494731078547,0,Value1Medium,201,Created,Checkout 1-56,text,true,115,200,200,0
1494731078547,0,Value1Medium,201,Created,Checkout 1-57,text,true,115,200,200,0
1494731078547,0,Value1Medium,201,Created,Checkout 1-58,text,true,115,200,200,0
1494731078547,0,Value1Medium,201,Created,Checkout 1-59,text,true,115,200,200,0
1494731078547,0,Value1Medium,201,Created,Checkout 1-60,text,true,115,200,200,0
1494731078547,0,Value1Medium,201,Created,Checkout 1-61,text,true,115,200,200,0
1494731078548,0,Value1Medium,201,Created,Checkout 1-63,text,true,115,200,200,0
1494731078548,0,Value1Medium,201,Created,Checkout 1-64,text,true,115,200,200,0
1494731078548,0,Value1Medium,201,Created,Checkout 1-62,text,true,115,200,200,0
1494731078548,0,Value1Medium,201,Created,Checkout 1-66,text,true,115,200,200,0
1494731078548,0,Value1Medium,201,Created,Checkout 1-65,text,true,115,200,200,0
1494731078548,0,Value1Medium,201,Created,Checkout 1-67,text,true,115,200,200,0
1494731078548,1,Value1Medium,201,Created,Checkout 1-68,text,true,115,200,200,1
1494731078549,0,Value1Medium,201,Created,Checkout 1-69,text,true,115,200,200,0
1494731078549,0,Value1Medium,201,Created,Checkout 1-70,text,true,115,200,200,0
1494731078549,0,Value1Medium,201,Created,Checkout 1-71,text,true,115,200,200,0
1494731078549,0,Value1Medium,201,Created,Checkout 1-72,text,true,115,200,200,0
1494731078549,0,Value1Medium,201,Created,Checkout 1-73,text,true,115,200,200,0
1494731078549,0,Value1Medium,201,Created,Checkout 1-74,text,true,115,200,200,0
1494731078549,1,Value1Medium,201,Created,Checkout 1-75,text,true,115,200,200,1
1494731078550,0,Value1Medium,201,Created,Checkout 1-76,text,true,115,200,200,0
1494731078550,0,Value1Medium,201,Created,Checkout 1-77,text,true,115,200,200,0
1494731078550,0,Value1Medium,201,Created,Checkout 1-78,text,true,115,200,200,0
1494731078550,0,Value1Medium,201,Created,Checkout 1-81,text,true,115,200,200,0
1494731078550,0,Value1Medium,201,Created,Checkout 1-79,text,true,115,200,200,0
1494731078550,0,Value1Medium,201,Created,Checkout 1-80,text,true,115,200,200,0
1494731078550,0,Value1Medium,201,Created,Checkout 1-84,text,true,115,200,200,0
1494731078550,1,Value1Medium,201,Created,Checkout 1-85,text,true,115,200,200,1
1494731078550,1,Value1Medium,201,Created,Checkout 1-83,text,true,115,200,200,1
1494731078551,0,Value1Medium,201,Created,Checkout 1-82,text,true,115,200,200,0
1494731078551,0,Value1Medium,201,Created,Checkout 1-86,text,true,115,200,200,0
1494731078551,0,Value1Medium,201,Created,Checkout 1-88,text,true,115,200,200,0
1494731078551,0,Value1Medium,201,Created,Checkout 1-89,text,true,115,200,200,0
1494731078551,0,Value1Medium,201,Created,Checkout 1-90,text,true,115,200,200,0
1494731078551,0,Value1Medium,201,Created,Checkout 1-87,text,true,115,200,200,0
1494731078551,1,Value1Medium,201,Created,Checkout 1-91,text,true,115,200,200,1
1494731078552,0,Value1Medium,201,Created,Checkout 1-92,text,true,115,200,200,0
1494731078552,0,Value1Medium,201,Created,Checkout 1-93,text,true,115,200,200,0
1494731078552,0,Value1Medium,201,Created,Checkout 1-94,text,true,115,200,200,0
1494731078552,0,Value1Medium,201,Created,Checkout 1-95,text,true,115,200,200,0
1494731078552,0,Value1Medium,201,Created,Checkout 1-96,text,true,115,200,200,0
1494731078552,0,Value1Medium,201,Created,Checkout 1-97,text,true,115,200,200,0
1494731078552,0,Value1Medium,201,Created,Checkout 1-98,text,true,115,200,200,0
1494731078552,1,Value1Medium,201,Created,Checkout 1-99,text,true,115,200,200,1
1494731078552,1,Value1Medium,201,Created,Checkout 1-100,text,true,115,200,200,1
1494731078553,0,Value1Medium,201,Created,Checkout 1-101,text,true,115,200,200,0
1494731078553,0,Value1Medium,201,Created,Checkout 1-102,text,true,115,200,200,0
1494731078553,0,Value1Medium,201,Created,Checkout 1-103,text,true,115,200,200,0
1494731078553,0,Value1Medium,201,Created,Checkout 1-104,text,true,115,200,200,0
1494731078553,0,Value1Medium,201,Created,Checkout 1-105,text,true,115,200,200,0
1494731078553,0,Value1Medium,201,Created,Checkout 1-106,text,true,115,200,200,0
1494731078553,0,Value1Medium,201,Created,Checkout 1-107,text,true,115,200,200,0
1494731078553,0,Value1Medium,201,Created,Checkout 1-108,text,true,115,200,200,0
1494731078553,1,Value1Medium,201,Created,Checkout 1-109,text,true,115,200,200,1
1494731078554,0,Value1Medium,201,Created,Checkout 1-110,text,true,115,200,200,0
1494731078554,0,Value1Medium,201,Created,Checkout 1-111,text,true,115,200,200,0
1494731078554,0,Value1Medium,201,Created,Checkout 1-112,text,true,115,200,200,0
1494731078554,0,Value1Medium,201,Created,Checkout 1-113,text,true,115,200,200,0
1494731078554,0,Value1Medium,201,Created,Checkout 1-114,text,true,115,200,200,0
1494731078554,0,Value1Medium,201,Created,Checkout 1-116,text,true,115,200,200,0
1494731078554,0,Value1Medium,201,Created,Checkout 1-115,text,true,115,200,200,0
1494731078554,0,Value1Medium,201,Created,Checkout 1-117,text,true,115,200,200,0
1494731078554,1,Value1Medium,201,Created,Checkout 1-118,text,true,115,200,200,1
1494731078555,0,Value1Medium,201,Created,Checkout 1-119,text,true,115,200,200,0
1494731078555,0,Value1Medium,201,Created,Checkout 1-120,text,true,115,200,200,0
1494731078555,0,Value1Medium,201,Created,Checkout 1-121,text,true,115,200,200,0
1494731078555,0,Value1Medium,201,Created,Checkout 1-123,text,true,115,200,200,0
1494731078555,0,Value1Medium,201,Created,Checkout 1-122,text,true,115,200,200,0
1494731078555,0,Value1Medium,201,Created,Checkout 1-124,text,true,115,200,200,0
1494731078555,0,Value1Medium,201,Created,Checkout 1-125,text,true,115,200,200,0
1494731078555,0,Value1Medium,201,Created,Checkout 1-127,text,true,115,200,200,0
1494731078555,1,Value1Medium,201,Created,Checkout 1-129,text,true,115,200,200,1
1494731078556,0,Value1Medium,201,Created,Checkout 1-126,text,true,115,200,200,0
1494731078556,0,Value1Medium,201,Created,Checkout 1-128,text,true,115,200,200,0
1494731078556,0,Value1Medium,201,Created,Checkout 1-132,text,true,115,200,200,0
1494731078556,0,Value1Medium,201,Created,Checkout 1-130,text,true,115,200,200,0
1494731078556,0,Value1Medium,201,Created,Checkout 1-134,text,true,115,200,200,0
1494731078556,0,Value1Medium,201,Created,Checkout 1-131,text,true,115,200,200,0
1494731078556,0,Value1Medium,201,Created,Checkout 1-136,text,true,115,200,200,0
1494731078556,0,Value1Medium,201,Created,Checkout 1-135,text,true,115,200,200,0
1494731078556,1,Value1Medium,201,Created,Checkout 1-138,text,true,115,200,200,1
1494731078557,0,Value1Medium,201,Created,Checkout 1-137,text,true,115,200,200,0
1494731078557,0,Value1Medium,201,Created,Checkout 1-139,text,true,115,200,200,0
1494731078557,0,Value1Medium,201,Created,Checkout 1-133,text,true,115,200,200,0
1494731078557,0,Value1Medium,201,Created,Checkout 1-140,text,true,115,200,200,0
1494731078557,0,Value1Medium,201,Created,Checkout 1-141,text,true,115,200,200,0
1494731078557,0,Value1Medium,201,Created,Checkout 1-143,text,true,115,200,200,0
1494731078557,0,Value1Medium,201,Created,Checkout 1-144,text,true,115,200,200,0
1494731078557,1,Value1Medium,201,Created,Checkout 1-145,text,true,115,200,200,1
1494731078558,0,Value1Medium,201,Created,Checkout 1-146,text,true,115,200,200,0
1494731078558,0,Value1Medium,201,Created,Checkout 1-148,text,true,115,200,200,0
1494731078558,0,Value1Medium,201,Created,Checkout 1-147,text,true,115,200,200,0
1494731078558,0,Value1Medium,201,Created,Checkout 1-149,text,true,115,200,200,0
1494731078558,0,Value1Medium,201,Created,Checkout 1-142,text,true,115,200,200,0
1494731078558,0,Value1Medium,201,Created,Checkout 1-150,text,true,115,200,200,0
1494731078558,1,Value1Medium,400,Bad Request,Checkout 1-151,text,false,143,200,200,1
1494731078559,0,Value1Medium,400,Bad Request,Checkout 1-154,text,false,143,200,200,0
1494731078559,0,Value1Medium,400,Bad Request,Checkout 1-153,text,false,143,200,200,0
1494731078559,0,Value1Medium,400,Bad Request,Checkout 1-152,text,false,143,200,200,0
1494731078559,0,Value1Medium,400,Bad Request,Checkout 1-155,text,false,143,200,200,0
1494731078559,0,Value1Medium,400,Bad Request,Checkout 1-156,text,false,143,200,200,0
1494731078559,0,Value1Medium,400,Bad Request,Checkout 1-157,text,false,143,200,200,0
1494731078559,1,Value1Medium,400,Bad Request,Checkout 1-158,text,false,143,200,200,1
1494731078559,1,Value1Medium,400,Bad Request,Checkout 1-159,text,false,143,200,200,1
1494731078560,0,Value1Medium,400,Bad Request,Checkout 1-160,text,false,143,200,200,0
1494731078560,0,Value1Medium,400,Bad Request,Checkout 1-161,text,false,143,200,200,0
1494731078560,0,Value1Medium,400,Bad Request,Checkout 1-162,text,false,143,200,200,0
1494731078560,0,Value1Medium,400,Bad Request,Checkout 1-163,text,false,143,200,200,0
1494731078560,0,Value1Medium,400,Bad Request,Checkout 1-164,text,false,143,200,200,0
1494731078560,1,Value1Medium,400,Bad Request,Checkout 1-165,text,false,143,200,200,1
1494731078560,1,Value1Medium,400,Bad Request,Checkout 1-166,text,false,143,200,200,1
1494731078561,0,Value1Medium,400,Bad Request,Checkout 1-167,text,false,143,200,200,0
1494731078561,0,Value1Medium,400,Bad Request,Checkout 1-168,text,false,143,200,200,0
1494731078561,0,Value1Medium,400,Bad Request,Checkout 1-169,text,false,143,200,200,0
1494731078561,0,Value1Medium,400,Bad Request,Checkout 1-170,text,false,143,200,200,0
1494731078561,0,Value1Medium,400,Bad Request,Checkout 1-171,text,false,143,200,200,0
1494731078561,0,Value1Medium,400,Bad Request,Checkout 1-172,text,false,143,200,200,0
1494731078561,1,Value1Medium,400,Bad Request,Checkout 1-173,text,false,143,200,200,1
1494731078562,0,Value1Medium,400,Bad Request,Checkout 1-174,text,false,143,200,200,0
1494731078562,0,Value1Medium,400,Bad Request,Checkout 1-175,text,false,143,200,200,0
1494731078562,0,Value1Medium,400,Bad Request,Checkout 1-176,text,false,143,200,200,0
1494731078562,1,Value1Medium,400,Bad Request,Checkout 1-177,text,false,143,200,200,1
1494731078562,1,Value1Medium,400,Bad Request,Checkout 1-178,text,false,143,200,200,1
1494731078563,0,Value1Medium,400,Bad Request,Checkout 1-179,text,false,143,200,200,0
1494731078563,0,Value1Medium,400,Bad Request,Checkout 1-180,text,false,143,200,200,0
1494731078563,0,Value1Medium,400,Bad Request,Checkout 1-181,text,false,143,200,200,0
1494731078563,0,Value1Medium,400,Bad Request,Checkout 1-183,text,false,143,200,200,0
1494731078563,0,Value1Medium,400,Bad Request,Checkout 1-182,text,false,143,200,200,0
1494731078563,0,Value1Medium,400,Bad Request,Checkout 1-184,text,false,143,200,200,0
1494731078563,1,Value1Medium,400,Bad Request,Checkout 1-185,text,false,143,200,200,1
1494731078564,0,Value1Medium,400,Bad Request,Checkout 1-186,text,false,143,200,200,0
1494731078564,0,Value1Medium,400,Bad Request,Checkout 1-187,text,false,143,200,200,0
1494731078564,0,Value1Medium,400,Bad Request,Checkout 1-188,text,false,143,200,200,0
1494731078564,0,Value1Medium,400,Bad Request,Checkout 1-190,text,false,143,200,200,0
1494731078564,0,Value1Medium,400,Bad Request,Checkout 1-189,text,false,143,200,200,0
1494731078564,0,Value1Medium,400,Bad Request,Checkout 1-191,text,false,143,200,200,0
1494731078564,0,Value1Medium,400,Bad Request,Checkout 1-192,text,false,143,200,200,0
1494731078564,0,Value1Medium,400,Bad Request,Checkout 1-193,text,false,143,200,200,0
1494731078564,1,Value1Medium,400,Bad Request,Checkout 1-194,text,false,143,200,200,1
1494731078565,0,Value1Medium,400,Bad Request,Checkout 1-195,text,false,143,200,200,0
1494731078565,0,Value1Medium,400,Bad Request,Checkout 1-198,text,false,143,200,200,0
1494731078565,0,Value1Medium,400,Bad Request,Checkout 1-196,text,false,143,200,200,0
1494731078565,0,Value1Medium,400,Bad Request,Checkout 1-197,text,false,143,200,200,0
1494731078565,0,Value1Medium,400,Bad Request,Checkout 1-199,text,false,143,200,200,0
1494731078565,0,Value1Medium,400,Bad Request,Checkout 1-200,text,false,143,200,200,0
1494731078582,1,Value1Small,400,Bad Request,Checkout 1-9,text,false,143,200,200,1
1494731078582,1,Value1Small,400,Bad Request,Checkout 1-18,text,false,143,200,200,1
1494731078582,1,Value1Small,400,Bad Request,Checkout 1-2,text,false,143,200,200,1
1494731078582,1,Value1Small,400,Bad Request,Checkout 1-1,text,false,143,200,200,1
1494731078583,0,Value1Small,400,Bad Request,Checkout 1-16,text,false,143,200,200,0
1494731078583,0,Value1Small,400,Bad Request,Checkout 1-3,text,false,143,200,200,0
1494731078583,0,Value1Small,400,Bad Request,Checkout 1-22,text,false,143,200,200,0
1494731078583,1,Value1Small,400,Bad Request,Checkout 1-8,text,false,143,200,200,1
1494731078584,0,Value1Small,400,Bad Request,Checkout 1-10,text,false,143,200,200,0
1494731078584,0,Value1Small,400,Bad Request,Checkout 1-5,text,false,143,200,200,0
1494731078584,0,Value1Small,400,Bad Request,Checkout 1-6,text,false,143,200,200,0
1494731078584,0,Value1Small,400,Bad Request,Checkout 1-12,text,false,143,200,200,0
1494731078584,0,Value1Small,400,Bad Request,Checkout 1-11,text,false,143,200,200,0
1494731078584,0,Value1Small,400,Bad Request,Checkout 1-23,text,false,143,200,200,0
1494731078584,0,Value1Small,400,Bad Request,Checkout 1-7,text,false,143,200,200,0
1494731078584,0,Value1Small,400,Bad Request,Checkout 1-4,text,false,143,200,200,0
1494731078584,1,Value1Small,400,Bad Request,Checkout 1-13,text,false,143,200,200,1
1494731078585,0,Value1Small,400,Bad Request,Checkout 1-25,text,false,143,200,200,0
1494731078585,0,Value1Small,400,Bad Request,Checkout 1-26,text,false,143,200,200,0
1494731078585,0,Value1Small,400,Bad Request,Checkout 1-20,text,false,143,200,200,0
1494731078585,0,Value1Small,400,Bad Request,Checkout 1-19,text,false,143,200,200,0
1494731078585,0,Value1Small,400,Bad Request,Checkout 1-29,text,false,143,200,200,0
1494731078585,0,Value1Small,400,Bad Request,Checkout 1-15,text,false,143,200,200,0
1494731078585,0,Value1Small,400,Bad Request,Checkout 1-30,text,false,143,200,200,0
1494731078585,1,Value1Small,400,Bad Request,Checkout 1-21,text,false,143,200,200,1
1494731078586,0,Value1Small,400,Bad Request,Checkout 1-24,text,false,143,200,200,0
1494731078586,0,Value1Small,400,Bad Request,Checkout 1-31,text,false,143,200,200,0
1494731078586,0,Value1Small,400,Bad Request,Checkout 1-17,text,false,143,200,200,0
1494731078586,0,Value1Small,400,Bad Request,Checkout 1-28,text,false,143,200,200,0
1494731078586,0,Value1Small,400,Bad Request,Checkout 1-14,text,false,143,200,200,0
1494731078586,0,Value1Small,400,Bad Request,Checkout 1-27,text,false,143,200,200,0
1494731078586,0,Value1Small,400,Bad Request,Checkout 1-33,text,false,143,200,200,0
1494731078586,1,Value1Small,400,Bad Request,Checkout 1-34,text,false,143,200,200,1
1494731078587,0,Value1Small,400,Bad Request,Checkout 1-32,text,false,143,200,200,0
1494731078587,0,Value1Small,400,Bad Request,Checkout 1-35,text,false,143,200,200,0
1494731078587,0,Value1Small,400,Bad Request,Checkout 1-36,text,false,143,200,200,0
1494731078587,0,Value1Small,400,Bad Request,Checkout 1-37,text,false,143,200,200,0
1494731078587,0,Value1Small,400,Bad Request,Checkout 1-38,text,false,143,200,200,0
1494731078587,1,Value1Small,400,Bad Request,Checkout 1-41,text,false,143,200,200,1
1494731078587,1,Value1Small,400,Bad Request,Checkout 1-39,text,false,143,200,200,1
1494731078588,0,Value1Small,400,Bad Request,Checkout 1-40,text,false,143,200,200,0
1494731078588,0,Value1Small,400,Bad Request,Checkout 1-42,text,false,143,200,200,0
1494731078588,0,Value1Small,400,Bad Request,Checkout 1-43,text,false,143,200,200,0
1494731078588,0,Value1Small,400,Bad Request,Checkout 1-44,text,false,143,200,200,0
1494731078588,0,Value1Small,400,Bad Request,Checkout 1-45,text,false,143,200,200,0
1494731078588,0,Value1Small,400,Bad Request,Checkout 1-46,text,false,143,200,200,0
1494731078588,0,Value1Small,400,Bad Request,Checkout 1-47,text,false,143,200,200,0
1494731078588,0,Value1Small,400,Bad Request,Checkout 1-48,text,false,143,200,200,0
1494731078588,1,Value1Small,400,Bad Request,Checkout 1-49,text,false,143,200,200,1
1494731078588,1,Value1Small,400,Bad Request,Checkout 1-50,text,false,143,200,200,1
1494731078589,0,Value1Small,400,Bad Request,Checkout 1-51,text,false,143,200,200,0
1494731078589,0,Value1Small,400,Bad Request,Checkout 1-52,text,false,143,200,200,0
1494731078589,0,Value1Small,400,Bad Request,Checkout 1-53,text,false,143,200,200,0
1494731078589,0,Value1Small,400,Bad Request,Checkout 1-55,text,false,143,200,200,0
1494731078589,0,Value1Small,400,Bad Request,Checkout 1-54,text,false,143,200,200,0
1494731078589,0,Value1Small,400,Bad Request,Checkout 1-56,text,false,143,200,200,0
1494731078589,0,Value1Small,400,Bad Request,Checkout 1-57,text,false,143,200,200,0
1494731078589,1,Value1Small,400,Bad Request,Checkout 1-58,text,false,143,200,200,1
1494731078589,1,Value1Small,400,Bad Request,Checkout 1-59,text,false,143,200,200,1
1494731078590,0,Value1Small,400,Bad Request,Checkout 1-60,text,false,143,200,200,0
1494731078590,0,Value1Small,400,Bad Request,Checkout 1-61,text,false,143,200,200,0
1494731078590,0,Value1Small,400,Bad Request,Checkout 1-63,text,false,143,200,200,0
1494731078590,0,Value1Small,400,Bad Request,Checkout 1-64,text,false,143,200,200,0
1494731078590,0,Value1Small,400,Bad Request,Checkout 1-62,text,false,143,200,200,0
1494731078590,0,Value1Small,400,Bad Request,Checkout 1-66,text,false,143,200,200,0
1494731078590,0,Value1Small,400,Bad Request,Checkout 1-65,text,false,143,200,200,0
1494731078590,1,Value1Small,400,Bad Request,Checkout 1-67,text,false,143,200,200,1
1494731078591,0,Value1Small,400,Bad Request,Checkout 1-68,text,false,143,200,200,0
1494731078591,0,Value1Small,400,Bad Request,Checkout 1-69,text,false,143,200,200,0
1494731078591,0,Value1Small,400,Bad Request,Checkout 1-70,text,false,143,200,200,0
1494731078591,0,Value1Small,400,Bad Request,Checkout 1-71,text,false,143,200,200,0
1494731078591,0,Value1Small,400,Bad Request,Checkout 1-72,text,false,143,200,200,0
1494731078591,0,Value1Small,400,Bad Request,Checkout 1-73,text,false,143,200,200,0
1494731078591,0,Value1Small,400,Bad Request,Checkout 1-74,text,false,143,200,200,0
1494731078591,0,Value1Small,400,Bad Request,Checkout 1-75,text,false,143,200,200,0
1494731078591,1,Value1Small,400,Bad Request,Checkout 1-76,text,false,143,200,200,1
1494731078591,1,Value1Small,400,Bad Request,Checkout 1-77,text,false,143,200,200,1
1494731078592,0,Value1Small,400,Bad Request,Checkout 1-78,text,false,143,200,200,0
1494731078592,0,Value1Small,400,Bad Request,Checkout 1-81,text,false,143,200,200,0
1494731078592,0,Value1Small,400,Bad Request,Checkout 1-79,text,false,143,200,200,0
1494731078592,0,Value1Small,400,Bad Request,Checkout 1-80,text,false,143,200,200,0
1494731078592,0,Value1Small,400,Bad Request,Checkout 1-84,text,false,143,200,200,0
1494731078592,0,Value1Small,400,Bad Request,Checkout 1-85,text,false,143,200,200,0
1494731078592,0,Value1Small,400,Bad Request,Checkout 1-83,text,false,143,200,200,0
1494731078592,1,Value1Small,400,Bad Request,Checkout 1-82,text,false,143,200,200,1
1494731078592,1,Value1Small,400,Bad Request,Checkout 1-86,text,false,143,200,200,1
1494731078593,0,Value1Small,400,Bad Request,Checkout 1-88,text,false,143,200,200,0
1494731078593,0,Value1Small,400,Bad Request,Checkout 1-89,text,false,143,200,200,0
1494731078593,0,Value1Small,400,Bad Request,Checkout 1-90,text,false,143,200,200,0
1494731078593,0,Value1Small,400,Bad Request,Checkout 1-87,text,false,143,200,200,0
1494731078593,0,Value1Small,400,Bad Request,Checkout 1-91,text,false,143,200,200,0
1494731078593,0,Value1Small,400,Bad Request,Checkout 1-92,text,false,143,200,200,0
1494731078593,0,Value1Small,400,Bad Request,Checkout 1-93,text,false,143,200,200,0
1494731078593,1,Value1Small,400,Bad Request,Checkout 1-94,text,false,143,200,200,1
1494731078593,1,Value1Small,400,Bad Request,Checkout 1-95,text,false,143,200,200,1
1494731078594,0,Value1Small,400,Bad Request,Checkout 1-96,text,false,143,200,200,0
1494731078594,0,Value1Small,400,Bad Request,Checkout 1-97,text,false,143,200,200,0
1494731078594,0,Value1Small,400,Bad Request,Checkout 1-98,text,false,143,200,200,0
1494731078594,0,Value1Small,400,Bad Request,Checkout 1-99,text,false,143,200,200,0
1494731078594,0,Value1Small,400,Bad Request,Checkout 1-100,text,false,143,200,200,0
1494731078594,0,Value1Small,400,Bad Request,Checkout 1-101,text,false,143,200,200,0
1494731078594,0,Value1Small,400,Bad Request,Checkout 1-102,text,false,143,200,200,0
1494731078594,0,Value1Small,400,Bad Request,Checkout 1-103,text,false,143,200,200,0
1494731078594,1,Value1Small,400,Bad Request,Checkout 1-104,text,false,143,200,200,1
1494731078595,0,Value1Small,400,Bad Request,Checkout 1-105,text,false,143,200,200,0
1494731078595,0,Value1Small,400,Bad Request,Checkout 1-106,text,false,143,200,200,0
1494731078595,0,Value1Small,400,Bad Request,Checkout 1-107,text,false,143,200,200,0
1494731078595,0,Value1Small,400,Bad Request,Checkout 1-108,text,false,143,200,200,0
1494731078595,0,Value1Small,400,Bad Request,Checkout 1-109,text,false,143,200,200,0
1494731078595,0,Value1Small,400,Bad Request,Checkout 1-110,text,false,143,200,200,0
1494731078595,0,Value1Small,400,Bad Request,Checkout 1-111,text,false,143,200,200,0
1494731078595,1,Value1Small,400,Bad Request,Checkout 1-112,text,false,143,200,200,1
1494731078595,1,Value1Small,400,Bad Request,Checkout 1-113,text,false,143,200,200,1
1494731078596,0,Value1Small,400,Bad Request,Checkout 1-114,text,false,143,200,200,0
1494731078596,0,Value1Small,400,Bad Request,Checkout 1-116,text,false,143,200,200,0
1494731078596,0,Value1Small,400,Bad Request,Checkout 1-115,text,false,143,200,200,0
1494731078596,0,Value1Small,400,Bad Request,Checkout 1-117,text,false,143,200,200,0
1494731078596,0,Value1Small,400,Bad Request,Checkout 1-118,text,false,143,200,200,0
1494731078596,0,Value1Small,400,Bad Request,Checkout 1-119,text,false,143,200,200,0
1494731078596,0,Value1Small,400,Bad Request,Checkout 1-120,text,false,143,200,200,0
1494731078596,0,Value1Small,400,Bad Request,Checkout 1-121,text,false,143,200,200,0
1494731078596,1,Value1Small,400,Bad Request,Checkout 1-123,text,false,143,200,200,1
1494731078596,1,Value1Small,400,Bad Request,Checkout 1-122,text,false,143,200,200,1
1494731078597,0,Value1Small,400,Bad Request,Checkout 1-124,text,false,143,200,200,0
1494731078597,0,Value1Small,400,Bad Request,Checkout 1-125,text,false,143,200,200,0
1494731078597,0,Value1Small,400,Bad Request,Checkout 1-127,text,false,143,200,200,0
1494731078597,0,Value1Small,400,Bad Request,Checkout 1-129,text,false,143,200,200,0
1494731078597,0,Value1Small,400,Bad Request,Checkout 1-126,text,false,143,200,200,0
1494731078597,0,Value1Small,400,Bad Request,Checkout 1-128,text,false,143,200,200,0
1494731078597,0,Value1Small,400,Bad Request,Checkout 1-132,text,false,143,200,200,0
1494731078597,1,Value1Small,400,Bad Request,Checkout 1-130,text,false,143,200,200,1
1494731078597,1,Value1Small,400,Bad Request,Checkout 1-134,text,false,143,200,200,1
1494731078598,0,Value1Small,400,Bad Request,Checkout 1-131,text,false,143,200,200,0
1494731078598,1,Value1Small,400,Bad Request,Checkout 1-136,text,false,143,200,200,1
1494731078598,1,Value1Small,400,Bad Request,Checkout 1-133,text,false,143,200,200,1
1494731078598,1,Value1Small,400,Bad Request,Checkout 1-138,text,false,143,200,200,1
1494731078598,1,Value1Small,400,Bad Request,Checkout 1-137,text,false,143,200,200,1
1494731078598,1,Value1Small,400,Bad Request,Checkout 1-139,text,false,143,200,200,1
1494731078598,1,Value1Small,400,Bad Request,Checkout 1-135,text,false,143,200,200,1
1494731078598,1,Value1Small,400,Bad Request,Checkout 1-140,text,false,143,200,200,1
1494731078599,0,Value1Small,400,Bad Request,Checkout 1-141,text,false,143,200,200,0
1494731078599,0,Value1Small,400,Bad Request,Checkout 1-143,text,false,143,200,200,0
1494731078599,0,Value1Small,400,Bad Request,Checkout 1-144,text,false,143,200,200,0
1494731078599,0,Value1Small,400,Bad Request,Checkout 1-145,text,false,143,200,200,0
1494731078599,0,Value1Small,400,Bad Request,Checkout 1-146,text,false,143,200,200,0
1494731078599,0,Value1Small,400,Bad Request,Checkout 1-148,text,false,143,200,200,0
1494731078599,1,Value1Small,400,Bad Request,Checkout 1-147,text,false,143,200,200,1
1494731078599,1,Value1Small,400,Bad Request,Checkout 1-149,text,false,143,200,200,1
1494731078600,0,Value1Small,400,Bad Request,Checkout 1-142,text,false,143,200,200,0
1494731078600,0,Value1Small,400,Bad Request,Checkout 1-150,text,false,143,200,200,0
1494731078600,0,Value1Small,400,Bad Request,Checkout 1-151,text,false,143,200,200,0
1494731078600,0,Value1Small,400,Bad Request,Checkout 1-154,text,false,143,200,200,0
1494731078600,0,Value1Small,400,Bad Request,Checkout 1-153,text,false,143,200,200,0
1494731078600,0,Value1Small,400,Bad Request,Checkout 1-152,text,false,143,200,200,0
1494731078600,0,Value1Small,400,Bad Request,Checkout 1-155,text,false,143,200,200,0
1494731078600,1,Value1Small,400,Bad Request,Checkout 1-156,text,false,143,200,200,1
1494731078600,1,Value1Small,400,Bad Request,Checkout 1-157,text,false,143,200,200,1
1494731078601,0,Value1Small,400,Bad Request,Checkout 1-158,text,false,143,200,200,0
1494731078601,0,Value1Small,400,Bad Request,Checkout 1-159,text,false,143,200,200,0
1494731078601,0,Value1Small,400,Bad Request,Checkout 1-160,text,false,143,200,200,0
1494731078601,0,Value1Small,400,Bad Request,Checkout 1-161,text,false,143,200,200,0
1494731078601,0,Value1Small,400,Bad Request,Checkout 1-162,text,false,143,200,200,0
1494731078601,0,Value1Small,400,Bad Request,Checkout 1-163,text,false,143,200,200,0
1494731078601,0,Value1Small,400,Bad Request,Checkout 1-164,text,false,143,200,200,0
1494731078601,0,Value1Small,400,Bad Request,Checkout 1-165,text,false,143,200,200,0
1494731078601,1,Value1Small,400,Bad Request,Checkout 1-166,text,false,143,200,200,1
1494731078601,1,Value1Small,400,Bad Request,Checkout 1-167,text,false,143,200,200,1
1494731078602,0,Value1Small,400,Bad Request,Checkout 1-168,text,false,143,200,200,0
1494731078602,0,Value1Small,400,Bad Request,Checkout 1-169,text,false,143,200,200,0
1494731078602,0,Value1Small,400,Bad Request,Checkout 1-170,text,false,143,200,200,0
1494731078602,0,Value1Small,400,Bad Request,Checkout 1-171,text,false,143,200,200,0
1494731078602,0,Value1Small,400,Bad Request,Checkout 1-172,text,false,143,200,200,0
1494731078602,0,Value1Small,400,Bad Request,Checkout 1-173,text,false,143,200,200,0
1494731078602,0,Value1Small,400,Bad Request,Checkout 1-174,text,false,143,200,200,0
1494731078602,0,Value1Small,400,Bad Request,Checkout 1-175,text,false,143,200,200,0
1494731078602,1,Value1Small,400,Bad Request,Checkout 1-176,text,false,143,200,200,1
1494731078603,0,Value1Small,400,Bad Request,Checkout 1-177,text,false,143,200,200,0
1494731078603,0,Value1Small,400,Bad Request,Checkout 1-178,text,false,143,200,200,0
1494731078603,0,Value1Small,400,Bad Request,Checkout 1-179,text,false,143,200,200,0
1494731078603,0,Value1Small,400,Bad Request,Checkout 1-180,text,false,143,200,200,0
1494731078603,0,Value1Small,400,Bad Request,Checkout 1-181,text,false,143,200,200,0
1494731078603,0,Value1Small,400,Bad Request,Checkout 1-183,text,false,143,200,200,0
1494731078603,0,Value1Small,400,Bad Request,Checkout 1-182,text,false,143,200,200,0
1494731078603,1,Value1Small,400,Bad Request,Checkout 1-184,text,false,143,200,200,1
1494731078603,1,Value1Small,400,Bad Request,Checkout 1-185,text,false,143,200,200,1
1494731078604,0,Value1Small,400,Bad Request,Checkout 1-186,text,false,143,200,200,0
1494731078604,0,Value1Small,400,Bad Request,Checkout 1-187,text,false,143,200,200,0
1494731078604,0,Value1Small,400,Bad Request,Checkout 1-188,text,false,143,200,200,0
1494731078604,0,Value1Small,400,Bad Request,Checkout 1-190,text,false,143,200,200,0
1494731078604,0,Value1Small,400,Bad Request,Checkout 1-189,text,false,143,200,200,0
1494731078604,0,Value1Small,400,Bad Request,Checkout 1-191,text,false,143,200,200,0
1494731078604,1,Value1Small,400,Bad Request,Checkout 1-192,text,false,143,200,200,1
1494731078604,1,Value1Small,400,Bad Request,Checkout 1-193,text,false,143,200,200,1
1494731078605,0,Value1Small,400,Bad Request,Checkout 1-194,text,false,143,200,200,0
1494731078605,0,Value1Small,400,Bad Request,Checkout 1-195,text,false,143,200,200,0
1494731078605,0,Value1Small,400,Bad Request,Checkout 1-198,text,false,143,200,200,0
1494731078605,0,Value1Small,400,Bad Request,Checkout 1-196,text,false,143,200,200,0
1494731078605,0,Value1Small,400,Bad Request,Checkout 1-197,text,false,143,200,200,0
1494731078605,0,Value1Small,400,Bad Request,Checkout 1-199,text,false,143,200,200,0
1494731078605,1,Value1Small,400,Bad Request,Checkout 1-200,text,false,143,200,200,1
1494731078621,0,Value1Medium,400,Bad Request,Checkout 1-9,text,false,143,200,200,0
1494731078621,0,Value1Medium,400,Bad Request,Checkout 1-18,text,false,143,200,200,0
1494731078621,0,Value1Medium,400,Bad Request,Checkout 1-2,text,false,143,200,200,0
1494731078621,1,Value1Medium,400,Bad Request,Checkout 1-1,text,false,143,200,200,1
1494731078622,0,Value1Medium,400,Bad Request,Checkout 1-16,text,false,143,200,200,0
1494731078622,0,Value1Medium,400,Bad Request,Checkout 1-3,text,false,143,200,200,0
1494731078622,0,Value1Medium,400,Bad Request,Checkout 1-22,text,false,143,200,200,0
1494731078622,0,Value1Medium,400,Bad Request,Checkout 1-8,text,false,143,200,200,0
1494731078622,0,Value1Medium,400,Bad Request,Checkout 1-10,text,false,143,200,200,0
1494731078622,0,Value1Medium,400,Bad Request,Checkout 1-5,text,false,143,200,200,0
1494731078622,0,Value1Medium,400,Bad Request,Checkout 1-6,text,false,143,200,200,0
1494731078622,0,Value1Medium,400,Bad Request,Checkout 1-12,text,false,143,200,200,0
1494731078622,1,Value1Medium,400,Bad Request,Checkout 1-11,text,false,143,200,200,1
1494731078623,0,Value1Medium,400,Bad Request,Checkout 1-23,text,false,143,200,200,0
1494731078623,0,Value1Medium,400,Bad Request,Checkout 1-7,text,false,143,200,200,0
1494731078623,0,Value1Medium,400,Bad Request,Checkout 1-4,text,false,143,200,200,0
1494731078623,0,Value1Medium,400,Bad Request,Checkout 1-13,text,false,143,200,200,0
1494731078623,0,Value1Medium,400,Bad Request,Checkout 1-25,text,false,143,200,200,0
1494731078623,0,Value1Medium,400,Bad Request,Checkout 1-26,text,false,143,200,200,0
1494731078623,0,Value1Medium,400,Bad Request,Checkout 1-20,text,false,143,200,200,0
1494731078623,1,Value1Medium,400,Bad Request,Checkout 1-19,text,false,143,200,200,1
1494731078624,0,Value1Medium,400,Bad Request,Checkout 1-29,text,false,143,200,200,0
1494731078624,0,Value1Medium,400,Bad Request,Checkout 1-15,text,false,143,200,200,0
1494731078624,0,Value1Medium,400,Bad Request,Checkout 1-30,text,false,143,200,200,0
1494731078624,0,Value1Medium,400,Bad Request,Checkout 1-21,text,false,143,200,200,0
1494731078624,0,Value1Medium,400,Bad Request,Checkout 1-24,text,false,143,200,200,0
1494731078624,0,Value1Medium,400,Bad Request,Checkout 1-31,text,false,143,200,200,0
1494731078624,0,Value1Medium,400,Bad Request,Checkout 1-17,text,false,143,200,200,0
1494731078624,0,Value1Medium,400,Bad Request,Checkout 1-28,text,false,143,200,200,0
1494731078624,1,Value1Medium,400,Bad Request,Checkout 1-14,text,false,143,200,200,1
1494731078625,0,Value1Medium,400,Bad Request,Checkout 1-27,text,false,143,200,200,0
1494731078625,0,Value1Medium,400,Bad Request,Checkout 1-33,text,false,143,200,200,0
1494731078625,0,Value1Medium,400,Bad Request,Checkout 1-34,text,false,143,200,200,0
1494731078625,0,Value1Medium,400,Bad Request,Checkout 1-32,text,false,143,200,200,0
1494731078625,0,Value1Medium,400,Bad Request,Checkout 1-35,text,false,143,200,200,0
1494731078625,0,Value1Medium,400,Bad Request,Checkout 1-36,text,false,143,200,200,0
1494731078625,1,Value1Medium,400,Bad Request,Checkout 1-37,text,false,143,200,200,1
1494731078625,1,Value1Medium,400,Bad Request,Checkout 1-38,text,false,143,200,200,1
1494731078626,0,Value1Medium,400,Bad Request,Checkout 1-41,text,false,143,200,200,0
1494731078626,0,Value1Medium,400,Bad Request,Checkout 1-39,text,false,143,200,200,0
1494731078626,0,Value1Medium,400,Bad Request,Checkout 1-40,text,false,143,200,200,0
1494731078626,0,Value1Medium,400,Bad Request,Checkout 1-42,text,false,143,200,200,0
1494731078626,0,Value1Medium,400,Bad Request,Checkout 1-43,text,false,143,200,200,0
1494731078626,0,Value1Medium,400,Bad Request,Checkout 1-44,text,false,143,200,200,0
1494731078626,1,Value1Medium,400,Bad Request,Checkout 1-45,text,false,143,200,200,1
1494731078627,0,Value1Medium,400,Bad Request,Checkout 1-46,text,false,143,200,200,0
1494731078627,0,Value1Medium,400,Bad Request,Checkout 1-47,text,false,143,200,200,0
1494731078627,0,Value1Medium,400,Bad Request,Checkout 1-48,text,false,143,200,200,0
1494731078627,0,Value1Medium,400,Bad Request,Checkout 1-49,text,false,143,200,200,0
1494731078627,0,Value1Medium,400,Bad Request,Checkout 1-50,text,false,143,200,200,0
1494731078627,0,Value1Medium,400,Bad Request,Checkout 1-51,text,false,143,200,200,0
1494731078627,0,Value1Medium,400,Bad Request,Checkout 1-52,text,false,143,200,200,0
1494731078627,1,Value1Medium,400,Bad Request,Checkout 1-53,text,false,143,200,200,1
1494731078628,0,Value1Medium,400,Bad Request,Checkout 1-55,text,false,143,200,200,0
1494731078628,0,Value1Medium,400,Bad Request,Checkout 1-54,text,false,143,200,200,0
1494731078628,0,Value1Medium,400,Bad Request,Checkout 1-56,text,false,143,200,200,0
1494731078628,0,Value1Medium,400,Bad Request,Checkout 1-57,text,false,143,200,200,0
1494731078628,0,Value1Medium,400,Bad Request,Checkout 1-58,text,false,143,200,200,0
1494731078628,0,Value1Medium,400,Bad Request,Checkout 1-59,text,false,143,200,200,0
1494731078628,0,Value1Medium,400,Bad Request,Checkout 1-60,text,false,143,200,200,0
1494731078628,1,Value1Medium,400,Bad Request,Checkout 1-61,text,false,143,200,200,1
1494731078629,0,Value1Medium,400,Bad Request,Checkout 1-63,text,false,143,200,200,0
1494731078629,0,Value1Medium,400,Bad Request,Checkout 1-64,text,false,143,200,200,0
1494731078629,0,Value1Medium,400,Bad Request,Checkout 1-62,text,false,143,200,200,0
1494731078629,0,Value1Medium,400,Bad Request,Checkout 1-66,text,false,143,200,200,0
1494731078629,0,Value1Medium,400,Bad Request,Checkout 1-65,text,false,143,200,200,0
1494731078629,0,Value1Medium,400,Bad Request,Checkout 1-67,text,false,143,200,200,0
1494731078629,1,Value1Medium,400,Bad Request,Checkout 1-68,text,false,143,200,200,1
1494731078630,0,Value1Medium,400,Bad Request,Checkout 1-69,text,false,143,200,200,0
1494731078630,0,Value1Medium,400,Bad Request,Checkout 1-70,text,false,143,200,200,0
1494731078630,0,Value1Medium,400,Bad Request,Checkout 1-71,text,false,143,200,200,0
1494731078630,0,Value1Medium,400,Bad Request,Checkout 1-72,text,false,143,200,200,0
1494731078630,0,Value1Medium,400,Bad Request,Checkout 1-73,text,false,143,200,200,0
1494731078630,0,Value1Medium,400,Bad Request,Checkout 1-74,text,false,143,200,200,0
1494731078630,0,Value1Medium,400,Bad Request,Checkout 1-75,text,false,143,200,200,0
1494731078630,1,Value1Medium,400,Bad Request,Checkout 1-76,text,false,143,200,200,1
1494731078631,0,Value1Medium,400,Bad Request,Checkout 1-77,text,false,143,200,200,0
1494731078631,0,Value1Medium,400,Bad Request,Checkout 1-78,text,false,143,200,200,0
1494731078631,0,Value1Medium,400,Bad Request,Checkout 1-81,text,false,143,200,200,0
1494731078631,0,Value1Medium,400,Bad Request,Checkout 1-79,text,false,143,200,200,0
1494731078631,0,Value1Medium,400,Bad Request,Checkout 1-80,text,false,143,200,200,0
1494731078631,0,Value1Medium,400,Bad Request,Checkout 1-84,text,false,143,200,200,0
1494731078631,0,Value1Medium,400,Bad Request,Checkout 1-85,text,false,143,200,200,0
1494731078631,1,Value1Medium,400,Bad Request,Checkout 1-83,text,false,143,200,200,1
1494731078632,0,Value1Medium,400,Bad Request,Checkout 1-82,text,false,143,200,200,0
1494731078632,0,Value1Medium,400,Bad Request,Checkout 1-86,text,false,143,200,200,0
1494731078632,0,Value1Medium,400,Bad Request,Checkout 1-88,text,false,143,200,200,0
1494731078632,0,Value1Medium,400,Bad Request,Checkout 1-89,text,false,143,200,200,0
1494731078632,0,Value1Medium,400,Bad Request,Checkout 1-90,text,false,143,200,200,0
1494731078632,0,Value1Medium,400,Bad Request,Checkout 1-87,text,false,143,200,200,0
1494731078632,0,Value1Medium,400,Bad Request,Checkout 1-91,text,false,143,200,200,0
1494731078632,0,Value1Medium,400,Bad Request,Checkout 1-92,text,false,143,200,200,0
1494731078632,1,Value1Medium,400,Bad Request,Checkout 1-93,text,false,143,200,200,1
1494731078633,0,Value1Medium,400,Bad Request,Checkout 1-94,text,false,143,200,200,0
1494731078633,0,Value1Medium,400,Bad Request,Checkout 1-95,text,false,143,200,200,0
1494731078633,0,Value1Medium,400,Bad Request,Checkout 1-96,text,false,143,200,200,0
1494731078633,0,Value1Medium,400,Bad Request,Checkout 1-97,text,false,143,200,200,0
1494731078633,0,Value1Medium,400,Bad Request,Checkout 1-98,text,false,143,200,200,0
1494731078633,0,Value1Medium,400,Bad Request,Checkout 1-99,text,false,143,200,200,0
1494731078633,1,Value1Medium,400,Bad Request,Checkout 1-100,text,false,143,200,200,1
1494731078633,1,Value1Medium,400,Bad Request,Checkout 1-101,text,false,143,200,200,1
1494731078634,0,Value1Medium,400,Bad Request,Checkout 1-102,text,false,143,200,200,0
1494731078634,0,Value1Medium,400,Bad Request,Checkout 1-103,text,false,143,200,200,0
1494731078634,0,Value1Medium,400,Bad Request,Checkout 1-104,text,false,143,200,200,0
1494731078634,0,Value1Medium,400,Bad Request,Checkout 1-105,text,false,143,200,200,0
1494731078634,0,Value1Medium,400,Bad Request,Checkout 1-106,text,false,143,200,200,0
1494731078634,1,Value1Medium,400,Bad Request,Checkout 1-107,text,false,143,200,200,1
1494731078634,1,Value1Medium,400,Bad Request,Checkout 1-108,text,false,143,200,200,1
1494731078635,0,Value1Medium,400,Bad Request,Checkout 1-109,text,false,143,200,200,0
1494731078635,0,Value1Medium,400,Bad Request,Checkout 1-110,text,false,143,200,200,0
1494731078635,0,Value1Medium,400,Bad Request,Checkout 1-111,text,false,143,200,200,0
1494731078635,0,Value1Medium,400,Bad Request,Checkout 1-112,text,false,143,200,200,0
1494731078635,0,Value1Medium,400,Bad Request,Checkout 1-113,text,false,143,200,200,0
1494731078635,0,Value1Medium,400,Bad Request,Checkout 1-114,text,false,143,200,200,0
1494731078635,0,Value1Medium,400,Bad Request,Checkout 1-116,text,false,143,200,200,0
1494731078635,1,Value1Medium,400,Bad Request,Checkout 1-115,text,false,143,200,200,1
1494731078636,0,Value1Medium,400,Bad Request,Checkout 1-117,text,false,143,200,200,0
1494731078636,0,Value1Medium,400,Bad Request,Checkout 1-118,text,false,143,200,200,0
1494731078636,0,Value1Medium,400,Bad Request,Checkout 1-119,text,false,143,200,200,0
1494731078636,0,Value1Medium,400,Bad Request,Checkout 1-120,text,false,143,200,200,0
1494731078636,0,Value1Medium,400,Bad Request,Checkout 1-121,text,false,143,200,200,0
1494731078636,0,Value1Medium,400,Bad Request,Checkout 1-123,text,false,143,200,200,0
1494731078636,0,Value1Medium,400,Bad Request,Checkout 1-122,text,false,143,200,200,0
1494731078636,1,Value1Medium,400,Bad Request,Checkout 1-124,text,false,143,200,200,1
1494731078636,1,Value1Medium,400,Bad Request,Checkout 1-125,text,false,143,200,200,1
1494731078637,0,Value1Medium,400,Bad Request,Checkout 1-127,text,false,143,200,200,0
1494731078637,0,Value1Medium,400,Bad Request,Checkout 1-129,text,false,143,200,200,0
1494731078637,0,Value1Medium,400,Bad Request,Checkout 1-126,text,false,143,200,200,0
1494731078637,0,Value1Medium,400,Bad Request,Checkout 1-128,text,false,143,200,200,0
1494731078637,0,Value1Medium,400,Bad Request,Checkout 1-132,text,false,143,200,200,0
1494731078637,0,Value1Medium,400,Bad Request,Checkout 1-130,text,false,143,200,200,0
1494731078637,1,Value1Medium,400,Bad Request,Checkout 1-134,text,false,143,200,200,1
1494731078637,1,Value1Medium,400,Bad Request,Checkout 1-131,text,false,143,200,200,1
1494731078638,0,Value1Medium,400,Bad Request,Checkout 1-136,text,false,143,200,200,0
1494731078638,0,Value1Medium,400,Bad Request,Checkout 1-133,text,false,143,200,200,0
1494731078638,0,Value1Medium,400,Bad Request,Checkout 1-138,text,false,143,200,200,0
1494731078638,0,Value1Medium,400,Bad Request,Checkout 1-137,text,false,143,200,200,0
1494731078638,0,Value1Medium,400,Bad Request,Checkout 1-139,text,false,143,200,200,0
1494731078638,0,Value1Medium,400,Bad Request,Checkout 1-135,text,false,143,200,200,0
1494731078638,0,Value1Medium,400,Bad Request,Checkout 1-140,text,false,143,200,200,0
1494731078638,1,Value1Medium,400,Bad Request,Checkout 1-141,text,false,143,200,200,1
1494731078639,0,Value1Medium,400,Bad Request,Checkout 1-143,text,false,143,200,200,0
1494731078639,0,Value1Medium,400,Bad Request,Checkout 1-144,text,false,143,200,200,0
1494731078639,0,Value1Medium,400,Bad Request,Checkout 1-145,text,false,143,200,200,0
1494731078639,0,Value1Medium,400,Bad Request,Checkout 1-146,text,false,143,200,200,0
1494731078639,0,Value1Medium,400,Bad Request,Checkout 1-148,text,false,143,200,200,0
1494731078639,0,Value1Medium,400,Bad Request,Checkout 1-147,text,false,143,200,200,0
1494731078639,0,Value1Medium,400,Bad Request,Checkout 1-149,text,false,143,200,200,0
1494731078639,1,Value1Medium,400,Bad Request,Checkout 1-142,text,false,143,200,200,1
1494731078640,0,Value1Medium,400,Bad Request,Checkout 1-150,text,false,143,200,200,0
1494731078640,0,Value1Medium,400,Bad Request,Checkout 1-151,text,false,143,200,200,0
1494731078640,0,Value1Medium,400,Bad Request,Checkout 1-154,text,false,143,200,200,0
1494731078640,0,Value1Medium,400,Bad Request,Checkout 1-153,text,false,143,200,200,0
1494731078640,0,Value1Medium,400,Bad Request,Checkout 1-152,text,false,143,200,200,0
1494731078640,0,Value1Medium,400,Bad Request,Checkout 1-155,text,false,143,200,200,0
1494731078640,0,Value1Medium,400,Bad Request,Checkout 1-156,text,false,143,200,200,0
1494731078640,1,Value1Medium,400,Bad Request,Checkout 1-157,text,false,143,200,200,1
1494731078640,1,Value1Medium,400,Bad Request,Checkout 1-158,text,false,143,200,200,1
1494731078641,0,Value1Medium,400,Bad Request,Checkout 1-159,text,false,143,200,200,0
1494731078641,0,Value1Medium,400,Bad Request,Checkout 1-160,text,false,143,200,200,0
1494731078641,0,Value1Medium,400,Bad Request,Checkout 1-161,text,false,143,200,200,0
1494731078641,0,Value1Medium,400,Bad Request,Checkout 1-162,text,false,143,200,200,0
1494731078641,0,Value1Medium,400,Bad Request,Checkout 1-163,text,false,143,200,200,0
1494731078641,1,Value1Medium,400,Bad Request,Checkout 1-164,text,false,143,200,200,1
1494731078641,1,Value1Medium,400,Bad Request,Checkout 1-165,text,false,143,200,200,1
1494731078642,0,Value1Medium,400,Bad Request,Checkout 1-166,text,false,143,200,200,0
1494731078642,0,Value1Medium,400,Bad Request,Checkout 1-167,text,false,143,200,200,0
1494731078642,0,Value1Medium,400,Bad Request,Checkout 1-168,text,false,143,200,200,0
1494731078642,0,Value1Medium,400,Bad Request,Checkout 1-169,text,false,143,200,200,0
1494731078642,0,Value1Medium,400,Bad Request,Checkout 1-170,text,false,143,200,200,0
1494731078642,0,Value1Medium,400,Bad Request,Checkout 1-171,text,false,143,200,200,0
1494731078642,1,Value1Medium,400,Bad Request,Checkout 1-172,text,false,143,200,200,1
1494731078643,0,Value1Medium,400,Bad Request,Checkout 1-173,text,false,143,200,200,0
1494731078643,0,Value1Medium,400,Bad Request,Checkout 1-174,text,false,143,200,200,0
1494731078643,0,Value1Medium,400,Bad Request,Checkout 1-175,text,false,143,200,200,0
1494731078643,0,Value1Medium,400,Bad Request,Checkout 1-176,text,false,143,200,200,0
1494731078643,0,Value1Medium,400,Bad Request,Checkout 1-177,text,false,143,200,200,0
1494731078643,0,Value1Medium,400,Bad Request,Checkout 1-178,text,false,143,200,200,0
1494731078643,1,Value1Medium,400,Bad Request,Checkout 1-179,text,false,143,200,200,1
1494731078643,1,Value1Medium,400,Bad Request,Checkout 1-180,text,false,143,200,200,1
1494731078644,0,Value1Medium,400,Bad Request,Checkout 1-181,text,false,143,200,200,0
1494731078644,0,Value1Medium,400,Bad Request,Checkout 1-183,text,false,143,200,200,0
1494731078644,0,Value1Medium,400,Bad Request,Checkout 1-182,text,false,143,200,200,0
1494731078644,0,Value1Medium,400,Bad Request,Checkout 1-184,text,false,143,200,200,0
1494731078644,0,Value1Medium,400,Bad Request,Checkout 1-185,text,false,143,200,200,0
1494731078644,0,Value1Medium,400,Bad Request,Checkout 1-186,text,false,143,200,200,0
1494731078644,0,Value1Medium,400,Bad Request,Checkout 1-187,text,false,143,200,200,0
1494731078644,1,Value1Medium,400,Bad Request,Checkout 1-188,text,false,143,200,200,1
1494731078645,0,Value1Medium,400,Bad Request,Checkout 1-190,text,false,143,200,200,0
1494731078645,0,Value1Medium,400,Bad Request,Checkout 1-189,text,false,143,200,200,0
1494731078645,0,Value1Medium,400,Bad Request,Checkout 1-191,text,false,143,200,200,0
1494731078645,0,Value1Medium,400,Bad Request,Checkout 1-192,text,false,143,200,200,0
1494731078645,0,Value1Medium,400,Bad Request,Checkout 1-193,text,false,143,200,200,0
1494731078645,0,Value1Medium,400,Bad Request,Checkout 1-194,text,false,143,200,200,0
1494731078645,1,Value1Medium,400,Bad Request,Checkout 1-195,text,false,143,200,200,1
1494731078645,1,Value1Medium,400,Bad Request,Checkout 1-198,text,false,143,200,200,1
1494731078646,0,Value1Medium,400,Bad Request,Checkout 1-196,text,false,143,200,200,0
1494731078646,0,Value1Medium,400,Bad Request,Checkout 1-197,text,false,143,200,200,0
1494731078646,0,Value1Medium,400,Bad Request,Checkout 1-199,text,false,143,200,200,0
1494731078646,0,Value1Medium,400,Bad Request,Checkout 1-200,text,false,143,200,200,0
